INSERT INTO escalade.comment (id, value, author_id, site_id) VALUES (1, 'test edité', 1, 14);
INSERT INTO escalade.comment (id, value, author_id, site_id) VALUES (2, 'joli site', 1, 14);
INSERT INTO escalade.comment (id, value, author_id, site_id) VALUES (3, 'ça sent bon le muscadet !', 1, 11);
INSERT INTO escalade.comment (id, value, author_id, site_id) VALUES (6, 'test', 5, 12);
INSERT INTO escalade.comment (id, value, author_id, site_id) VALUES (7, 'Un nouveau commentaire', 1, 14);
INSERT INTO escalade.cotations (id, value) VALUES (1, '3A');
INSERT INTO escalade.cotations (id, value) VALUES (2, '3B');
INSERT INTO escalade.cotations (id, value) VALUES (3, '3C');
INSERT INTO escalade.cotations (id, value) VALUES (4, '4A');
INSERT INTO escalade.cotations (id, value) VALUES (5, '4B');
INSERT INTO escalade.cotations (id, value) VALUES (6, '4C');
INSERT INTO escalade.cotations (id, value) VALUES (7, '5A');
INSERT INTO escalade.cotations (id, value) VALUES (8, '5B');
INSERT INTO escalade.cotations (id, value) VALUES (9, '5C');
INSERT INTO escalade.cotations (id, value) VALUES (10, '6A');
INSERT INTO escalade.cotations (id, value) VALUES (11, '6B');
INSERT INTO escalade.cotations (id, value) VALUES (12, '6C');
INSERT INTO escalade.cotations (id, value) VALUES (13, '7A');
INSERT INTO escalade.cotations (id, value) VALUES (14, '7B');
INSERT INTO escalade.cotations (id, value) VALUES (15, '7C');
INSERT INTO escalade.cotations (id, value) VALUES (16, '8A');
INSERT INTO escalade.cotations (id, value) VALUES (17, '8B');
INSERT INTO escalade.cotations (id, value) VALUES (18, '8C');
INSERT INTO escalade.cotations (id, value) VALUES (19, '9A');
INSERT INTO escalade.cotations (id, value) VALUES (20, '9B');
INSERT INTO escalade.cotations (id, value) VALUES (21, '9C');
INSERT INTO escalade.hibernate_sequence (next_val) VALUES (13);
INSERT INTO escalade.longueurs (id, description, name, voie_id, cotation_id, created_by, created_date, last_modified_by, last_modified_date) VALUES (4, 'Un début assez facile, le rocher n''est pas trop raide.', 'Le gros rocher', 13, 1, null, '2020-02-11 20:33:39', null, '2020-02-11 20:33:39');
INSERT INTO escalade.longueurs (id, description, name, voie_id, cotation_id, created_by, created_date, last_modified_by, last_modified_date) VALUES (5, 'Un rocher en granit qui donne du fil à retordre', 'Longueur du gros rocher', 13, 9, null, '2020-02-11 20:34:41', null, '2020-02-11 20:34:41');
INSERT INTO escalade.reservations (id, date_emprunt, date_retour, status, emprunteur_id, topo_id, date_demande) VALUES (11, '2020-04-07 19:48:10', '2020-04-07 19:48:24', 'TERMINE', 5, 1, '2020-04-07 19:47:25');
INSERT INTO escalade.reservations (id, date_emprunt, date_retour, status, emprunteur_id, topo_id, date_demande) VALUES (12, '2020-04-07 19:49:54', '2020-04-07 19:50:55', 'TERMINE', 1, 5, '2020-04-07 19:49:15');
INSERT INTO escalade.secteurs (id, description, name, site_id, is_equipped, created_by, created_date, last_modified_by, last_modified_date) VALUES (6, 'Marche d''approche : 10 min sur du plat.    Environnement du secteur : espace autour des blocs correct pour les jeunes enfants.', 'Secteur de la sèvre', 13, null, null, '2020-02-11 20:31:25', null, '2020-02-11 20:31:25');
INSERT INTO escalade.secteurs (id, description, name, site_id, is_equipped, created_by, created_date, last_modified_by, last_modified_date) VALUES (7, 'Secteur Best-Of', 'Secteur La Commère', 14, null, 'member', '2020-02-16 13:44:06', 'member', '2020-02-16 13:44:06');
INSERT INTO escalade.sites (id, description, name, access, latitude, longitude, created_by, created_date, last_modified_by, last_modified_date, officiel, slug) VALUES (11, 'Découvrez le site de Pont Caffino près de Château Thebaud avec une vue imprenable sur le vignoble Nantais.', 'Pont-caffino', null, null, null, 'ben', '2020-02-10 16:15:47', 'ben', '2020-02-11 20:15:55', null, 'pont-caffino');
INSERT INTO escalade.sites (id, description, name, access, latitude, longitude, created_by, created_date, last_modified_by, last_modified_date, officiel, slug) VALUES (12, 'Entre 25 et 50 voies, du 3c au 6c.   Equipement : sportif
Hauteur max : 10 m.
Rocher : granite.    Profil(s) : vertical Vertical, dalle Dalle.    Type(s) de prises : réglettes, fissures. ', 'La montagne (Pays de la Loire)', null, null, null, null, '2020-02-11 20:11:11', null, '2020-02-11 20:11:11', null, 'la-montagne-pays-de-la-loire');
INSERT INTO escalade.sites (id, description, name, access, latitude, longitude, created_by, created_date, last_modified_by, last_modified_date, officiel, slug) VALUES (13, 'Plus de 100 passages, du 3a au 7b.
Hauteur max : 5 m.
Rocher : granite.    Profil(s) : dévers     Type(s) de prises : réglettes, fissures, à plats.', 'Clisson', null, null, null, null, '2020-02-11 20:28:55', null, '2020-02-11 20:28:55', null, 'clisson');
INSERT INTO escalade.sites (id, description, name, access, latitude, longitude, created_by, created_date, last_modified_by, last_modified_date, officiel, slug) VALUES (14, 'A quelques kilomètres de Moirans-en-Montagne,  se trouve l’un des plus beaux spots de la région, la falaise calcaire de Crenans. Haute de près de 25m, cette barre rocheuse de qualité, principalement en dévers compte plus de 50 voies pour tous les niveaux. Orienté plein Ouest, ce spot tranquille et peu fréquenté est idéal à grimper lors du retour des beaux jours.', 'Falaise de Crenans', null, null, null, null, '2020-02-12 09:14:01', 'member', '2020-02-15 20:31:11', null, 'falaise-crenans');
INSERT INTO escalade.topos (id, owner_id, description, name, disponible) VALUES (1, 1, 'Ce topo concerne le sud de Nantes.', 'Vignoble Nantais', true);
INSERT INTO escalade.topos (id, owner_id, description, name, disponible) VALUES (2, 1, 'Les site du pays de retz en loire atlantique.', 'Pays de Retz', false);
INSERT INTO escalade.topos (id, owner_id, description, name, disponible) VALUES (5, 5, 'Tous les site de loire atlantique', 'Loire Atlantique', true);
INSERT INTO escalade.topos (id, owner_id, description, name, disponible) VALUES (7, 5, 'Les Sites de la Chapelle sur Erdre au nord de Nantes', 'La chapelle sur Erdre', false);
INSERT INTO escalade.topos (id, owner_id, description, name, disponible) VALUES (8, 1, 'Muscadet land', 'Vignoble Nantais', false);
INSERT INTO escalade.topos_sites (topos_id, sites_id) VALUES (7, 12);
INSERT INTO escalade.topos_sites (topos_id, sites_id) VALUES (7, 13);
INSERT INTO escalade.topos_sites (topos_id, sites_id) VALUES (1, 11);
INSERT INTO escalade.topos_sites (topos_id, sites_id) VALUES (1, 13);
INSERT INTO escalade.topos_sites (topos_id, sites_id) VALUES (5, 11);
INSERT INTO escalade.topos_sites (topos_id, sites_id) VALUES (5, 12);
INSERT INTO escalade.topos_sites (topos_id, sites_id) VALUES (5, 13);
INSERT INTO escalade.topos_sites (topos_id, sites_id) VALUES (2, 12);
INSERT INTO escalade.topos_sites (topos_id, sites_id) VALUES (8, 11);
INSERT INTO escalade.topos_sites (topos_id, sites_id) VALUES (8, 13);
INSERT INTO escalade.user (id, password, username, password_confirm, mail) VALUES (1, '$2a$10$ncyDg70dUrQB2nNTugdAju14olhquk5uv3RfE5mRPYp8Bf6IYmIjW', 'Member', null, 'member@mail.com');
INSERT INTO escalade.user (id, password, username, password_confirm, mail) VALUES (5, '$2a$10$a1joRPB3pU1mH8kruhY.FOZwL9.K2ad45Dxvqfpk43KkTEeM1Yeny', 'simpleUser', null, 'simpleuser@mail.com');
INSERT INTO escalade.user_role (user_id, roles) VALUES (1, 'USER');
INSERT INTO escalade.user_role (user_id, roles) VALUES (5, 'USER');
INSERT INTO escalade.user_role (user_id, roles) VALUES (1, 'MEMBER');
INSERT INTO escalade.voies (id, description, name, secteur_id, cotation_id, equiped, created_by, created_date, last_modified_by, last_modified_date) VALUES (13, 'Une voie facile pour les enfants', 'la voie de la raison', 6, 4, false, null, '2020-02-11 20:32:11', null, '2020-02-11 20:32:11');
INSERT INTO escalade.voies (id, description, name, secteur_id, cotation_id, equiped, created_by, created_date, last_modified_by, last_modified_date) VALUES (14, 'la meilleure voie pour les amateurs', 'Pacte de stabilité', 7, 10, false, 'member', '2020-02-16 13:45:31', 'member', '2020-02-16 13:45:31');
INSERT INTO escalade.voies (id, description, name, secteur_id, cotation_id, equiped, created_by, created_date, last_modified_by, last_modified_date) VALUES (15, 'Pour les amateurs de pêche', 'En avant tête de thon', 7, 11, false, 'member', '2020-02-16 13:46:26', 'member', '2020-02-16 13:46:26');
INSERT INTO escalade.voies (id, description, name, secteur_id, cotation_id, equiped, created_by, created_date, last_modified_by, last_modified_date) VALUES (16, 'Il avait un truc...', 'Jésus shoes', 7, 13, false, 'member', '2020-02-16 13:47:20', 'member', '2020-02-16 13:47:20');